<?xml version="1.0" encoding="UTF-8"?>
<root>
<header>
<header>설치장소명</header>
<header>설치장소상세</header>
<header>설치시도명</header>
<header>설치시군구명</header>
<header>설치시설구분</header>
<header>서비스제공사명</header>
<header>와이파이SSID</header>
<header>설치년월</header>
<header>소재지도로명주소</header>
<header>소재지지번주소</header>
<header>관리기관명</header>
<header>관리기관전화번호</header>
<header>위도</header>
<header>경도</header>
<header>데이터기준일자</header>
</header>
<Row>
<설치장소명>시장</설치장소명>
<설치장소상세>문창시장 해성건강원</설치장소상세>
<설치시도명>대전광역시</설치시도명>
<설치시군구명>중구</설치시군구명>
<설치시설구분>기타</설치시설구분>
<서비스제공사명>KT</서비스제공사명>
<와이파이SSID>Public WIFI</와이파이SSID>
<설치년월>2011-12</설치년월>
<소재지도로명주소>대전광역시 중구 문창로10번길 22</소재지도로명주소>
<소재지지번주소>대전광역시 중구 문창동 364-12번지</소재지지번주소>
<관리기관명>대전광역시청</관리기관명>
<관리기관전화번호>042-270-3303</관리기관전화번호>
<위도>36.315458</위도>
<경도>127.438588</경도>
<데이터기준일자>2018-02-19</데이터기준일자>
</Row>
<Row>
<설치장소명>시장</설치장소명>
<설치장소상세>문창시장</설치장소상세>
<설치시도명>대전광역시</설치시도명>
<설치시군구명>중구</설치시군구명>
<설치시설구분>기타</설치시설구분>
<서비스제공사명>KT</서비스제공사명>
<와이파이SSID>Public WIFI</와이파이SSID>
<설치년월>2011-12</설치년월>
<소재지도로명주소>대전광역시 중구 문창로10번길 22</소재지도로명주소>
<소재지지번주소>대전광역시 중구 문창동 364-12번지</소재지지번주소>
<관리기관명>대전광역시청</관리기관명>
<관리기관전화번호>042-270-3303</관리기관전화번호>
<위도>36.314281</위도>
<경도>127.437495</경도>
<데이터기준일자>2018-02-19</데이터기준일자>
</Row>
<Row>
<설치장소명>시장</설치장소명>
<설치장소상세>문창시장 늘푸른청과</설치장소상세>
<설치시도명>대전광역시</설치시도명>
<설치시군구명>중구</설치시군구명>
<설치시설구분>기타</설치시설구분>
<서비스제공사명>KT</서비스제공사명>
<와이파이SSID>Public WIFI</와이파이SSID>
<설치년월>2011-12</설치년월>
<소재지도로명주소>대전광역시 중구 문창로10번길 22</소재지도로명주소>
<소재지지번주소>대전광역시 중구 문창동 364-12번지</소재지지번주소>
<관리기관명>대전광역시청</관리기관명>
<관리기관전화번호>042-270-3303</관리기관전화번호>
<위도>36.314591</위도>
<경도>127.436297</경도>
<데이터기준일자>2018-02-19</데이터기준일자>
</Row>
<Row>
<설치장소명>시장</설치장소명>
<설치장소상세>중리시장 승진야채</설치장소상세>
<설치시도명>대전광역시</설치시도명>
<설치시군구명>대덕구</설치시군구명>
<설치시설구분>기타</설치시설구분>
<서비스제공사명>KT</서비스제공사명>
<와이파이SSID>Public WIFI</와이파이SSID>
<설치년월>2011-12</설치년월>
<소재지도로명주소>대전광역시 대덕구 중리북로37번길 26</소재지도로명주소>
<소재지지번주소>대전광역시 대덕구 중리동368-7</소재지지번주소>
<관리기관명>대전광역시청</관리기관명>
<관리기관전화번호>042-270-3303</관리기관전화번호>
<위도>36.364878</위도>
<경도>127.425868</경도>
<데이터기준일자>2018-02-19</데이터기준일자>
</Row>
<Row>
<설치장소명>시장</설치장소명>
<설치장소상세>중리시장</설치장소상세>
<설치시도명>대전광역시</설치시도명>
<설치시군구명>대덕구</설치시군구명>
<설치시설구분>기타</설치시설구분>
<서비스제공사명>KT</서비스제공사명>
<와이파이SSID>Public WIFI</와이파이SSID>
<설치년월>2011-12</설치년월>
<소재지도로명주소>대전광역시 대덕구 중리북로37번길 26</소재지도로명주소>
<소재지지번주소>대전광역시 대덕구 중리동368-7</소재지지번주소>
<관리기관명>대전광역시청</관리기관명>
<관리기관전화번호>042-270-3303</관리기관전화번호>
<위도>36.365868</위도>
<경도>127.425981</경도>
<데이터기준일자>2018-02-19</데이터기준일자>
</Row>
<Row>
<설치장소명>시장</설치장소명>
<설치장소상세>삼성정육점</설치장소상세>
<설치시도명>대전광역시</설치시도명>
<설치시군구명>동구</설치시군구명>
<설치시설구분>기타</설치시설구분>
<서비스제공사명>KT</서비스제공사명>
<와이파이SSID>Public WIFI</와이파이SSID>
<설치년월>2011-12</설치년월>
<소재지도로명주소>대전광역시 동구 대전로779번길 26</소재지도로명주소>
<소재지지번주소>대전광역시 동구 원동 64-27번지</소재지지번주소>
<관리기관명>대전광역시청</관리기관명>
<관리기관전화번호>042-270-3303</관리기관전화번호>
<위도>36.329089</위도>
<경도>127.431646</경도>
<데이터기준일자>2018-02-19</데이터기준일자>
</Row>
<Row>
<설치장소명>시장</설치장소명>
<설치장소상세>중앙상가 개성시대</설치장소상세>
<설치시도명>대전광역시</설치시도명>
<설치시군구명>동구</설치시군구명>
<설치시설구분>기타</설치시설구분>
<서비스제공사명>KT</서비스제공사명>
<와이파이SSID>Public WIFI</와이파이SSID>
<설치년월>2011-12</설치년월>
<소재지도로명주소>대전광역시 동구 대전로791번길 38</소재지도로명주소>
<소재지지번주소>대전광역시 동구 중동28-45번지</소재지지번주소>
<관리기관명>대전광역시청</관리기관명>
<관리기관전화번호>042-270-3303</관리기관전화번호>
<위도>36.329576</위도>
<경도>127.431211</경도>
<데이터기준일자>2018-02-19</데이터기준일자>
</Row>
<Row>
<설치장소명>시장</설치장소명>
<설치장소상세>㈜중앙메가프라자 루디아</설치장소상세>
<설치시도명>대전광역시</설치시도명>
<설치시군구명>동구</설치시군구명>
<설치시설구분>기타</설치시설구분>
<서비스제공사명>KT</서비스제공사명>
<와이파이SSID>Public WIFI</와이파이SSID>
<설치년월>2011-12</설치년월>
<소재지도로명주소>대전광역시 중구 중앙로200번길 85</소재지도로명주소>
<소재지지번주소>대전광역시 동구 원동40-1번지</소재지지번주소>
<관리기관명>대전광역시청</관리기관명>
<관리기관전화번호>042-270-3303</관리기관전화번호>
<위도>36.327082</위도>
<경도>127.433953</경도>
<데이터기준일자>2018-02-19</데이터기준일자>
</Row>
<Row>
<설치장소명>공원</설치장소명>
<설치장소상세>서대전광장 공연장위</설치장소상세>
<설치시도명>대전광역시</설치시도명>
<설치시군구명>중구</설치시군구명>
<설치시설구분>지역문화시설</설치시설구분>
<서비스제공사명>KT</서비스제공사명>
<와이파이SSID>Public WIFI</와이파이SSID>
<설치년월>2011-12</설치년월>
<소재지도로명주소>대전광역시 중구 계백로1716번길 23</소재지도로명주소>
<소재지지번주소>대전광역시 중구 문화1동 1-39</소재지지번주소>
<관리기관명>대전광역시청</관리기관명>
<관리기관전화번호>042-270-3303</관리기관전화번호>
<위도>36.320795</위도>
<경도>127.410651</경도>
<데이터기준일자>2018-02-19</데이터기준일자>
</Row>
<Row>
<설치장소명>공원</설치장소명>
<설치장소상세>서대전광장 화장실 위</설치장소상세>
<설치시도명>대전광역시</설치시도명>
<설치시군구명>중구</설치시군구명>
<설치시설구분>지역문화시설</설치시설구분>
<서비스제공사명>KT</서비스제공사명>
<와이파이SSID>Public WIFI</와이파이SSID>
<설치년월>2011-12</설치년월>
<소재지도로명주소>대전광역시 중구 계백로1716번길 23</소재지도로명주소>
<소재지지번주소>대전광역시 중구 문화1동 1-39</소재지지번주소>
<관리기관명>대전광역시청</관리기관명>
<관리기관전화번호>042-270-3303</관리기관전화번호>
<위도>36.321169</위도>
<경도>127.412508</경도>
<데이터기준일자>2018-02-19</데이터기준일자>
</Row>
<Row>
<설치장소명>공원</설치장소명>
<설치장소상세>유림공원</설치장소상세>
<설치시도명>대전광역시</설치시도명>
<설치시군구명>유성구</설치시군구명>
<설치시설구분>지역문화시설</설치시설구분>
<서비스제공사명>KT</서비스제공사명>
<와이파이SSID>Public WIFI</와이파이SSID>
<설치년월>2011-12</설치년월>
<소재지도로명주소>대전광역시 유성구 봉명동2-1</소재지도로명주소>
<소재지지번주소>대전광역시 유성구 봉명동2-1</소재지지번주소>
<관리기관명>대전광역시청</관리기관명>
<관리기관전화번호>042-270-3303</관리기관전화번호>
<위도>36.360832</위도>
<경도>127.357955</경도>
<데이터기준일자>2018-02-19</데이터기준일자>
</Row>
<Row>
<설치장소명>공원</설치장소명>
<설치장소상세>한밭수목원</설치장소상세>
<설치시도명>대전광역시</설치시도명>
<설치시군구명>서구</설치시군구명>
<설치시설구분>지역문화시설</설치시설구분>
<서비스제공사명>KT</서비스제공사명>
<와이파이SSID>Public WIFI</와이파이SSID>
<설치년월>2011-12</설치년월>
<소재지도로명주소>대전광역시 서구 둔산대로 155</소재지도로명주소>
<소재지지번주소>대전광역시 서구 만년동 396</소재지지번주소>
<관리기관명>대전광역시청</관리기관명>
<관리기관전화번호>042-270-3303</관리기관전화번호>
<위도>36.367493</위도>
<경도>127.387796</경도>
<데이터기준일자>2018-02-19</데이터기준일자>
</Row>
<Row>
<설치장소명>공원</설치장소명>
<설치장소상세>금강로하스공원 관리사무소</설치장소상세>
<설치시도명>대전광역시</설치시도명>
<설치시군구명>대덕구</설치시군구명>
<설치시설구분>지역문화시설</설치시설구분>
<서비스제공사명>KT</서비스제공사명>
<와이파이SSID>Public WIFI</와이파이SSID>
<설치년월>2011-12</설치년월>
<소재지도로명주소>대전광역시 대덕구 대청로 607</소재지도로명주소>
<소재지지번주소>대전광역시 대덕구 미호동57번지</소재지지번주소>
<관리기관명>대전광역시청</관리기관명>
<관리기관전화번호>042-270-3303</관리기관전화번호>
<위도>36.473686</위도>
<경도>127.474126</경도>
<데이터기준일자>2018-02-19</데이터기준일자>
</Row>
<Row>
<설치장소명>시청</설치장소명>
<설치장소상세>대전광역시청 1층</설치장소상세>
<설치시도명>대전광역시</설치시도명>
<설치시군구명>서구</설치시군구명>
<설치시설구분>관공서</설치시설구분>
<서비스제공사명>KT</서비스제공사명>
<와이파이SSID>Public WIFI</와이파이SSID>
<설치년월>2011-12</설치년월>
<소재지도로명주소>대전광역시 서구 둔산로 100</소재지도로명주소>
<소재지지번주소>대전광역시 서구 둔산동 1420</소재지지번주소>
<관리기관명>대전광역시청</관리기관명>
<관리기관전화번호>042-270-3303</관리기관전화번호>
<위도>36.350412</위도>
<경도>127.384847</경도>
<데이터기준일자>2018-02-19</데이터기준일자>
</Row>
<Row>
<설치장소명>시청</설치장소명>
<설치장소상세>대전광역시청 1층</설치장소상세>
<설치시도명>대전광역시</설치시도명>
<설치시군구명>서구</설치시군구명>
<설치시설구분>관공서</설치시설구분>
<서비스제공사명>KT</서비스제공사명>
<와이파이SSID>Public WIFI</와이파이SSID>
<설치년월>2011-12</설치년월>
<소재지도로명주소>대전광역시 서구 둔산로 100</소재지도로명주소>
<소재지지번주소>대전광역시 서구 둔산동 1420</소재지지번주소>
<관리기관명>대전광역시청</관리기관명>
<관리기관전화번호>042-270-3303</관리기관전화번호>
<위도>36.350412</위도>
<경도>128.384847</경도>
<데이터기준일자>2018-02-19</데이터기준일자>
</Row>
<Row>
<설치장소명>시청</설치장소명>
<설치장소상세>대전광역시청 3층</설치장소상세>
<설치시도명>대전광역시</설치시도명>
<설치시군구명>서구</설치시군구명>
<설치시설구분>관공서</설치시설구분>
<서비스제공사명>KT</서비스제공사명>
<와이파이SSID>Public WIFI</와이파이SSID>
<설치년월>2011-12</설치년월>
<소재지도로명주소>대전광역시 서구 둔산로 100</소재지도로명주소>
<소재지지번주소>대전광역시 서구 둔산동 1420</소재지지번주소>
<관리기관명>대전광역시청</관리기관명>
<관리기관전화번호>042-270-3303</관리기관전화번호>
<위도>36.350412</위도>
<경도>129.384847</경도>
<데이터기준일자>2018-02-19</데이터기준일자>
</Row>
<Row>
<설치장소명>시청</설치장소명>
<설치장소상세>대전광역시청 3층</설치장소상세>
<설치시도명>대전광역시</설치시도명>
<설치시군구명>서구</설치시군구명>
<설치시설구분>관공서</설치시설구분>
<서비스제공사명>KT</서비스제공사명>
<와이파이SSID>Public WIFI</와이파이SSID>
<설치년월>2011-12</설치년월>
<소재지도로명주소>대전광역시 서구 둔산로 100</소재지도로명주소>
<소재지지번주소>대전광역시 서구 둔산동 1420</소재지지번주소>
<관리기관명>대전광역시청</관리기관명>
<관리기관전화번호>042-270-3303</관리기관전화번호>
<위도>36.350412</위도>
<경도>130.384847</경도>
<데이터기준일자>2018-02-19</데이터기준일자>
</Row>
<Row>
<설치장소명>시청</설치장소명>
<설치장소상세>대전광역시청 5층</설치장소상세>
<설치시도명>대전광역시</설치시도명>
<설치시군구명>서구</설치시군구명>
<설치시설구분>관공서</설치시설구분>
<서비스제공사명>KT</서비스제공사명>
<와이파이SSID>Public WIFI</와이파이SSID>
<설치년월>2011-12</설치년월>
<소재지도로명주소>대전광역시 서구 둔산로 100</소재지도로명주소>
<소재지지번주소>대전광역시 서구 둔산동 1420</소재지지번주소>
<관리기관명>대전광역시청</관리기관명>
<관리기관전화번호>042-270-3303</관리기관전화번호>
<위도>36.350412</위도>
<경도>131.384847</경도>
<데이터기준일자>2018-02-19</데이터기준일자>
</Row>
<Row>
<설치장소명>시청</설치장소명>
<설치장소상세>대전광역시청 5층</설치장소상세>
<설치시도명>대전광역시</설치시도명>
<설치시군구명>서구</설치시군구명>
<설치시설구분>관공서</설치시설구분>
<서비스제공사명>KT</서비스제공사명>
<와이파이SSID>Public WIFI</와이파이SSID>
<설치년월>2011-12</설치년월>
<소재지도로명주소>대전광역시 서구 둔산로 100</소재지도로명주소>
<소재지지번주소>대전광역시 서구 둔산동 1420</소재지지번주소>
<관리기관명>대전광역시청</관리기관명>
<관리기관전화번호>042-270-3303</관리기관전화번호>
<위도>36.350412</위도>
<경도>132.384847</경도>
<데이터기준일자>2018-02-19</데이터기준일자>
</Row>
<Row>
<설치장소명>시청</설치장소명>
<설치장소상세>대전광역시청 10층</설치장소상세>
<설치시도명>대전광역시</설치시도명>
<설치시군구명>서구</설치시군구명>
<설치시설구분>관공서</설치시설구분>
<서비스제공사명>KT</서비스제공사명>
<와이파이SSID>Public WIFI</와이파이SSID>
<설치년월>2011-12</설치년월>
<소재지도로명주소>대전광역시 서구 둔산로 100</소재지도로명주소>
<소재지지번주소>대전광역시 서구 둔산동 1420</소재지지번주소>
<관리기관명>대전광역시청</관리기관명>
<관리기관전화번호>042-270-3303</관리기관전화번호>
<위도>36.350412</위도>
<경도>133.384847</경도>
<데이터기준일자>2018-02-19</데이터기준일자>
</Row>
<Row>
<설치장소명>시청</설치장소명>
<설치장소상세>대전광역시청 10층</설치장소상세>
<설치시도명>대전광역시</설치시도명>
<설치시군구명>서구</설치시군구명>
<설치시설구분>관공서</설치시설구분>
<서비스제공사명>KT</서비스제공사명>
<와이파이SSID>Public WIFI</와이파이SSID>
<설치년월>2011-12</설치년월>
<소재지도로명주소>대전광역시 서구 둔산로 100</소재지도로명주소>
<소재지지번주소>대전광역시 서구 둔산동 1420</소재지지번주소>
<관리기관명>대전광역시청</관리기관명>
<관리기관전화번호>042-270-3303</관리기관전화번호>
<위도>36.350412</위도>
<경도>134.384847</경도>
<데이터기준일자>2018-02-19</데이터기준일자>
</Row>
<Row>
<설치장소명>시청</설치장소명>
<설치장소상세>대전광역시청 20층</설치장소상세>
<설치시도명>대전광역시</설치시도명>
<설치시군구명>서구</설치시군구명>
<설치시설구분>관공서</설치시설구분>
<서비스제공사명>KT</서비스제공사명>
<와이파이SSID>Public WIFI</와이파이SSID>
<설치년월>2011-12</설치년월>
<소재지도로명주소>대전광역시 서구 둔산로 100</소재지도로명주소>
<소재지지번주소>대전광역시 서구 둔산동 1420</소재지지번주소>
<관리기관명>대전광역시청</관리기관명>
<관리기관전화번호>042-270-3303</관리기관전화번호>
<위도>36.350412</위도>
<경도>135.384847</경도>
<데이터기준일자>2018-02-19</데이터기준일자>
</Row>
<Row>
<설치장소명>시청</설치장소명>
<설치장소상세>대전광역시청 20층</설치장소상세>
<설치시도명>대전광역시</설치시도명>
<설치시군구명>서구</설치시군구명>
<설치시설구분>관공서</설치시설구분>
<서비스제공사명>KT</서비스제공사명>
<와이파이SSID>Public WIFI</와이파이SSID>
<설치년월>2011-12</설치년월>
<소재지도로명주소>대전광역시 서구 둔산로 100</소재지도로명주소>
<소재지지번주소>대전광역시 서구 둔산동 1420</소재지지번주소>
<관리기관명>대전광역시청</관리기관명>
<관리기관전화번호>042-270-3303</관리기관전화번호>
<위도>36.350412</위도>
<경도>136.384847</경도>
<데이터기준일자>2018-02-19</데이터기준일자>
</Row>
</root>
